{
  "vodPic": "https://x.imgs.ovh/x/2023/09/05/64f680bb030b4.png",
  "drives": [
    {
      "name": "弱水",
      "server": "http://shicheng.wang:555/"
    },
    {
      "name": "NICS",
      "server": "https://nics.eu.org"
    },
    {
      "name": "ECVE",
      "server": "https://pan.ecve.cn"
    },
    {
      "name": "小雅",
      "server": "http://alist.xiaoya.pro"
    },
    {
      "name": "觸光",
      "server": "https://pan.ichuguang.com"
    },
    {
      "name": "一只魚",
      "server": "https://vtok.pp.ua/"
    },
    {
      "name": "七米藍",
      "server": "https://al.chirmyram.com"
    },
    {
      "name": "神族九帝",
      "server": "https://alist.shenzjd.com"
    },
    {
      "name": "梓澪",
      "server": "https://zi0.cc"
    }
  ]
}
